{
"aircraft":[
  { "name":"f_16a_block_10_iaf", "armament": ["f_16a_block_10_iaf_aim_9p_default", "f_16a_block_10_iaf_aim_9p", "f_16a_block_10_iaf_aim_9l", "f_16a_block_10_iaf_pyton3"] },
  { "name":"f_16a_block_20_mlu", "armament": ["f_16a_block_20_mlu_default", "f_16a_block_20_mlu_aim_9p_default", "f_16a_block_20_mlu_aim_9p", "f_16a_block_20_mlu_aim_9l", "f_16a_block_20_mlu_aim_7m"] },
  { "name":"f_20a", "armament": ["f_20a_default", "f_20a_aim_9l", "f_20a_aim_7f"] },
  { "name":"f_15a", "armament": ["f_15a_default", "f_15a_aim_9l_default", "f_15a_aim_9l"] },
  { "name":"f_15j", "armament": ["f_15j_default", "f_15a_aim_9l_default", "f_15a_aim_9l"] },
  { "name":"f_15a_iaf", "armament": ["f_15a_default", "f_15a_aim_9l_default", "f_15a_aim_9l"] },  
  { "name":"f_14a_early", "armament": ["f_14a_early_default", "f_14a_early_aim_9d_default", "f_14a_early_aim_9d", "f_14a_early_aim_9g", "f_14a_early_9h", "f_14a_early_7e2", "f_14a_early_7f", "f_14a_early_aim_54a"] },
  { "name":"f_111a", "armament": ["f_111a_default", "f_111a_aim9_default"] },
  { "name":"f-8e_fn", "armament": ["f_8e_fn_default", "f_8e_fn_", "f_8e_fn_2x_aim9b", "f_8e_fn_4x_aim9b", "f_8e_fn_2x_matra530e", "f_8e_fn_2x_matra530", "f_8e_fn_1x_matra530e_1x_matra530", "f_8e_fn_2x_matra550"] },
  { "name":"f-8e", "armament": ["f_8e_2x_aim9b", "f_8e_default", "f_8e_2x_aim9c", "f_8e_2x_aim9d", "f_8e_4x_aim9b", "f_8e_4x_aim9c", "f_8e_4x_aim9d"] },
  { "name":"f-5e_fcu_thailand", "armament": ["f_5e_fcu_default", "f_5e_fcu_pyhton_3"] },
  { "name":"f-5e", "armament": ["f_5e_default", "f_5e_aim_9e", "f-5e_aim_9j"] },
  { "name":"f-5c", "armament": ["f_5c_default", "f_5c_aim_9e"] },
  { "name":"f-5a", "armament": ["f_5a_default", "f_5a_aim_9e"] },
  { "name":"f-4s", "armament": ["f_4s_default", "f_4s_aim9h", "f_4s_aim7f"] },
  { "name":"f-4j", "armament": ["f_4j_default", "f_4j_aim9d", "f_4j_aim9g", "f_4j_aim7e2", "f_4j_aim7f"] },
  { "name":"f-4f", "armament": ["f_4f_default", "f_4f_default_aim_9e", "f_4f_aim_9e", "f_4f_aim_9b_fgw_2"] },
  { "name":"f_4c", "armament": ["f4c_default", "f_4c_aim9b_default", "f_4c_aim9e", "f4c_aim9b"] },
  { "name":"f-4e", "armament": ["f_4e_default", "f_4e_default_2x_aim9e", "f_4e_aim9e", "f_4e_aim7e", "f_4e_aim7e2"] },
  { "name":"etndard_4m", "armament": ["etendard_4m_default", "etendard_4m_aim9b"] },
  { "name":"f-100d", "armament": ["f_100_default", "f_100_2xAIM-9B", "f_100d_2x_aim9b", "f_100_2xAIM-9E"] },
  { "name":"f-86k_late_italy", "armament": ["f_86k_default", "f_86k_aim9b_rockets"] },
  { "name":"f1", "armament": ["f1_default", "f1_2xaim9e", "f1_4xaim9p", "f1_4xaim9"] },
  { "name":"av_8a", "armament": ["av_8a_default", "av_8a_aim9"] },
  { "name":"av_8b_plus_italy", "armament": ["av_8b_plus_default", "av_8b_plus_aim_9l_default", "av_8b_plus_aim_9l", "av_8b_plus_aim_9m"] },
  { "name":"harrier_frs1", "armament": ["harrier_frs1_default", "harrier_frs1_rocket_aim9l_x2"] },
  { "name":"harrier_frs1_early", "armament": ["harrier_frs1_default", "harrier_frs1_rocket_aim9"] },
  { "name":"harrier_gr1", "armament": ["harrier_gr1_default"] },
  { "name":"harrier_gr3", "armament": ["harrier_gr3_default", "harrier_gr3_rocket_aim9"] },
  { "name":"harrier_gr7", "armament": ["harrier_gr7_default", "harrier_gr7_aim_9l_default", "harrier_gr7_aim_9l", "harrier_gr7_aim_9m"] },
  { "name":"hunter_f1", "armament": ["hunter_f1_default"] },
  { "name":"hunter_f6", "armament": ["hunter_f6_default"] },
  { "name":"hunter_f58_switzerland", "armament": ["hunter_f58_default", "hunter_f58)flz_lwf_63_80"] },
  { "name":"jaguar_a", "armament": ["jaguar_a_default", "jaguar_a_rocket_550_magic"] },
  { "name":"jaguar_gr1a", "armament": ["jaguar_gr1a_default", "jaguar_gr1a_rocket_aim_9"] },
  { "name":"jaguar_e", "armament": ["jaguar_e_default", "jaguar_e_rocket_550_magic"] },
  { "name":"kfir_c7", "armament": ["kfir_c7_default", "kfir_c7_default_aim9d", "kfir_c7_shafrir2", "kfir_c7_shafrir2_x4", "kfir_c7_python3"] },
  { "name":"kfir_c2", "armament": ["kfir_c2_default", "kfir_c2_default_aim9d", "kfir_c2_aim9g", "kfir_c2_python3", "kfir_c2_shafrir2"] },
  { "name":"mig-15", "armament": ["mig_15bis_nr23_default"] },
  { "name":"mig-17", "armament": ["mig_17_default"] },
  { "name":"mig-19s", "armament": ["mig_19s_default"] },
  { "name":"mig-21_bis", "armament": ["mig_21_bis_default", "mig_21_bis_default_2x_r13m", "mig_21_bis_4x_r3r", "mig_21_bis_4x_r3s", "mig_21_bis_r13m_x4", "mig_21_bis_4x_r60m"] },
  { "name":"mig_21_f13", "armament": ["mig_21_f13_default", "mig_21_f13_r3s_x2"] },
  { "name":"mig-21_mf", "armament": ["mig_21_mf_default", "mig_21_mf_default_2x_r3s", "mig_21_mf_default_2x_r3r", "mig_21_mf_4x_r3s", "mig_21_mf_4x_r3r", "mig_21_mf_4x_r60"] },
  { "name":"mig-21_pfm", "armament": ["mig-21_pfm_default", "mig-21_pfm_2x_r3s"] },
  { "name":"mig-21_smt", "armament": ["mig_21_smt_default", "mig_21_smt_default_2_r3s", "mig_21_smt_default_2x_r3r", "mig_21_smt_4x_r60", "mig_21_smt_4x_r3s"] },
  { "name":"mig-21_s", "armament": ["mig_21_s_default", "mig_21_s_4x_r3s", "mig_21_s_4x_r3r"] },
  { "name":"mig-9", "armament": ["mig_9_default"] },
  { "name":"mig-9_late_china", "armament": ["mig_9_ussr_default"] },
  { "name":"mig_23bn", "armament": ["mig_23bn_default", "mig_23bn_upk_250_gun_pod", "", "", ""] },
  { "name":"mig_23m", "armament": ["mig_23m_default", "mig_23m_rocket_r60_4", "mig_23m_rocket_r23r", "mig_23m_rocket_r23t"] },
  { "name":"mig_23ml", "armament": ["mig_23ml_default", "mig_23ml_rocket_r60m_6"] },
  { "name":"mig_23mla", "armament": ["mig_23mla_default", "mig_23mla_rocket_r60m_6", "mig_23mla_rocket_r23r", "mig_23mla_rocket_r23t", "mig_23mla_rocket_r23t_r23r", "mig_23mla_rocket_r24r", "mig_23mla_rocket_r24t"] },
  { "name":"mig_23m", "armament": ["mig_23m_default", "mig_23m_rocket_r13m", "mig_23m_rocket_r60_4"] },
  { "name":"mig_23mld", "armament": ["mig_23mld_default", "mig_23mld_default_r13m", "mig_23mld_rocket_r60m_6"] },
  { "name":"mig_27k", "armament": ["mig_27k_default", "mig_27k_rocket_60", "mig_27k_rocket_r13m"] },
  { "name":"mig_29smt_9_19", "armament": ["mig_29smt_9_19_default", "mig_29smt_9_19_r73_default", "mig_29smt_9_19_r27t", "mig_29smt_9_19_r27r", "mig_29smt_9_19_r73"] },
  { "name":"mirage_2000_5f", "armament": ["mirage_2000_5f_default", "mirage_2000_5f_r_550_magic_2_default", "mirage_2000_5f_r_550_magic_2", "mirage_2000_5f_matra_super_530f"] },
  { "name":"mirage_2000c_s5", "armament": ["mirage_2000c_s5_default", "mirage_2000c_s5_r_550_magic", "mirage_2000c_s5_r_550_magic2", "mirage_2000c_s5_matra_super_530f", "mirage_2000c_s5_matra_super_530d"] },
  { "name":"mirage_2000d_r1", "armament": ["mirage_2000d_r1_default", "mirage_2000d_r1_r_550_magic_2"] },
  { "name":"mirage_3c", "armament": ["mirage_3c_default", "mirage_3c_2xaim9b", "mirage_3c_2xr550_magic", "mirage_3c_1xr530", "mirage_3c_1xr530e"] },
  { "name":"mirage_3cj", "armament": ["mirage_3cj_default", "mirage_3cj_2xshafrir2", "mirage_3cj_2xaim9d", "mirage_3cj_r530", "mirage_3cj_r530e"] },
  { "name":"mirage_3e", "armament": ["mirage_3e_default", "mirage_3e_2xaim9b", "mirage_3e_2xr550_magic", "mirage_3e_1xr530", "mirage_3e_1xr530e"] },
  { "name":"mirage_4000", "armament": ["mirage_4000_default", "mirage_4000_r_550_magic_2_default", "mirage_4000_r_550_magic_2", "mirage_4000_matra_super_530f", "mirage_4000_matra_super_530d"] },
  { "name":"mirage_5f", "armament": ["mirage_5f_default", "mirage_5f_2xr550_magic", "mirage_5f_2xaim_9b"] },
  { "name":"mirage_f1c", "armament": ["mirage_f1c_default", "mirage_f1c_fr_r_550_magic", "mirage_f1c_fr_r_550_magic2", "mirage_f1c_2x530", "mirage_f1c_2x_550_2x_530f_1x_530r"] },
  { "name":"mirage_f1c_200", "armament": ["mirage_f1c_default", "mirage_f1c_fr_r_550_magic", "mirage_f1c_fr_r_550_magic2", "mirage_f1c_2x530", "mirage_f1c_2x_550_2x_530f_1x_530r"] },  
  { "name":"mirage_milan", "armament": ["mirage_milan_default", "mirage_milan_aim_9b"] },
  { "name":"nesher", "armament": ["nesher_default", "nesher_default_shafrir2", "nesher_aim9d", "nesher_aim9g"] },
  { "name":"super_etendard_97", "armament": ["super_etendard_97_default", "super_etendard_97_r550" ] },
  { "name":"tornado_adv", "armament": ["tornado_adv_default", "tornado_adv_aim_9l_default", "tornado_adv_4x_aim_9l"] },
  { "name":"tornado_f3", "armament": ["tornado_f3_default", "tornado_f3_aim_9l_default", "tornado_f3_4x_aim_9l", "tornado_f3_4x_skyflash", "tornado_f3_4x_skyflash_super_temp"] },
  { "name":"tornado_gr1", "armament": ["tornado_gr1_default", "tornado_gr1_aim_9l"] },
  { "name":"alpha_jet_e", "armament": ["alpha_jet_e_default"] },
  { "name":"alpha_jet_a", "armament": ["alpha_jet_a_default"] },
  { "name":"a_4b", "armament": ["a_4b_default", "a_4b_rockets_aim_9"] },
  { "name":"a_4e_early", "armament": ["a_4e_early_default", "a_4e_early_rockets_aim_9"] },
  { "name":"a_4e_early_iaf", "armament": ["a_4e_early_default", "a_4e_early_iaf_rockets_aim_9"] },
  { "name":"a_4e_late_iaf", "armament": ["a_4e_late_iaf_default", "a_4e_late_iaf_rockets_aim_9"] },
  { "name":"a_4h", "armament": ["a_4h_iaf_default"] },
  { "name":"a_4n", "armament": ["a_4n_default", "a_4n_rockets_shafrir2", "a_4n_rockets_shafrir2_4", "a_4n_rockets_aim_9d"] },
  { "name":"su_27", "armament": ["su_27_default", "su_27_r73_default", "su_27_r73", "su_27_r27t", "su_27_r27r"] },
  { "name":"su_22m3", "armament": ["su_22m3_default", "su_22m3_default_r60", "su_22m3_rocket_r60m"] },
  { "name":"lightning_f6", "armament": ["lightning_f6_default", "lightning_f6_firestreak"] },
  { "name":"fiat_g91_ys", "armament": ["fiat_g91_default", "fiat_g91ys_2xaim9"] },
  { "name":"amx", "armament": ["amx_default", "amx_aim_9l_default"] }
],

"terrain": [
  { "name":"levels/air_israel.bin", "X": 80, "Y":110 },
  { "name":"levels/port_moresby.bin", "X": 45, "Y":90 },  
  { "name":"levels/britain.bin", "X": 45, "Y":90 },    
  { "name":"levels/air_grand_canyon.bin", "X": 95, "Y":149 }
],

"environment": ["Day", "Morning","Night", "Dusk", "Dawn", "Noon", "7", "8", "9", "10", "11", "12", "13", "14", "15", "16", "17", "18"],

"weather": ["clear", "good", "cloudy", "cloudy_windy", "thin_clouds", "hazy", "overcast", "mist", "poor", "rain", "blind", "thunder"],

"altitude": ["1000", "3048", "4000", "5000", "6000"]


}